URL,Parameter,Value
https://www.google.com/imghp?hl=en&tab=wi,hl,['en']
https://www.google.com/imghp?hl=en&tab=wi,tab,['wi']
https://maps.google.co.in/maps?hl=en&tab=wl,hl,['en']
https://maps.google.co.in/maps?hl=en&tab=wl,tab,['wl']
https://play.google.com/?hl=en&tab=w8,hl,['en']
https://play.google.com/?hl=en&tab=w8,tab,['w8']
https://www.youtube.com/?tab=w1,tab,['w1']
https://news.google.com/?tab=wn,tab,['wn']
https://mail.google.com/mail/?tab=wm,tab,['wm']
https://drive.google.com/?tab=wo,tab,['wo']
https://www.google.co.in/intl/en/about/products?tab=wh,tab,['wh']
http://www.google.co.in/history/optout?hl=en,hl,['en']
/preferences?hl=en,hl,['en']
https://accounts.google.com/ServiceLogin?hl=en&passive=true&continue=https://www.google.com/&ec=GAZAAQ,hl,['en']
https://accounts.google.com/ServiceLogin?hl=en&passive=true&continue=https://www.google.com/&ec=GAZAAQ,passive,['true']
https://accounts.google.com/ServiceLogin?hl=en&passive=true&continue=https://www.google.com/&ec=GAZAAQ,continue,['https://www.google.com/']
https://accounts.google.com/ServiceLogin?hl=en&passive=true&continue=https://www.google.com/&ec=GAZAAQ,ec,['GAZAAQ']
/advanced_search?hl=en-IN&authuser=0,hl,['en-IN']
/advanced_search?hl=en-IN&authuser=0,authuser,['0']
https://www.google.com/setprefs?sig=0_GCX-ELvw6EM1QYCJEh1NRke3XdA%3D&hl=hi&source=homepage&sa=X&ved=0ahUKEwjD7ODW7rSGAxWUJLkGHdbcBOEQ2ZgBCAY,sig,['0_GCX-ELvw6EM1QYCJEh1NRke3XdA=']
https://www.google.com/setprefs?sig=0_GCX-ELvw6EM1QYCJEh1NRke3XdA%3D&hl=hi&source=homepage&sa=X&ved=0ahUKEwjD7ODW7rSGAxWUJLkGHdbcBOEQ2ZgBCAY,hl,['hi']
https://www.google.com/setprefs?sig=0_GCX-ELvw6EM1QYCJEh1NRke3XdA%3D&hl=hi&source=homepage&sa=X&ved=0ahUKEwjD7ODW7rSGAxWUJLkGHdbcBOEQ2ZgBCAY,source,['homepage']
https://www.google.com/setprefs?sig=0_GCX-ELvw6EM1QYCJEh1NRke3XdA%3D&hl=hi&source=homepage&sa=X&ved=0ahUKEwjD7ODW7rSGAxWUJLkGHdbcBOEQ2ZgBCAY,sa,['X']
https://www.google.com/setprefs?sig=0_GCX-ELvw6EM1QYCJEh1NRke3XdA%3D&hl=hi&source=homepage&sa=X&ved=0ahUKEwjD7ODW7rSGAxWUJLkGHdbcBOEQ2ZgBCAY,ved,['0ahUKEwjD7ODW7rSGAxWUJLkGHdbcBOEQ2ZgBCAY']
https://www.google.com/setprefs?sig=0_GCX-ELvw6EM1QYCJEh1NRke3XdA%3D&hl=bn&source=homepage&sa=X&ved=0ahUKEwjD7ODW7rSGAxWUJLkGHdbcBOEQ2ZgBCAc,sig,['0_GCX-ELvw6EM1QYCJEh1NRke3XdA=']
https://www.google.com/setprefs?sig=0_GCX-ELvw6EM1QYCJEh1NRke3XdA%3D&hl=bn&source=homepage&sa=X&ved=0ahUKEwjD7ODW7rSGAxWUJLkGHdbcBOEQ2ZgBCAc,hl,['bn']
https://www.google.com/setprefs?sig=0_GCX-ELvw6EM1QYCJEh1NRke3XdA%3D&hl=bn&source=homepage&sa=X&ved=0ahUKEwjD7ODW7rSGAxWUJLkGHdbcBOEQ2ZgBCAc,source,['homepage']
https://www.google.com/setprefs?sig=0_GCX-ELvw6EM1QYCJEh1NRke3XdA%3D&hl=bn&source=homepage&sa=X&ved=0ahUKEwjD7ODW7rSGAxWUJLkGHdbcBOEQ2ZgBCAc,sa,['X']
https://www.google.com/setprefs?sig=0_GCX-ELvw6EM1QYCJEh1NRke3XdA%3D&hl=bn&source=homepage&sa=X&ved=0ahUKEwjD7ODW7rSGAxWUJLkGHdbcBOEQ2ZgBCAc,ved,['0ahUKEwjD7ODW7rSGAxWUJLkGHdbcBOEQ2ZgBCAc']
https://www.google.com/setprefs?sig=0_GCX-ELvw6EM1QYCJEh1NRke3XdA%3D&hl=te&source=homepage&sa=X&ved=0ahUKEwjD7ODW7rSGAxWUJLkGHdbcBOEQ2ZgBCAg,sig,['0_GCX-ELvw6EM1QYCJEh1NRke3XdA=']
https://www.google.com/setprefs?sig=0_GCX-ELvw6EM1QYCJEh1NRke3XdA%3D&hl=te&source=homepage&sa=X&ved=0ahUKEwjD7ODW7rSGAxWUJLkGHdbcBOEQ2ZgBCAg,hl,['te']
https://www.google.com/setprefs?sig=0_GCX-ELvw6EM1QYCJEh1NRke3XdA%3D&hl=te&source=homepage&sa=X&ved=0ahUKEwjD7ODW7rSGAxWUJLkGHdbcBOEQ2ZgBCAg,source,['homepage']
https://www.google.com/setprefs?sig=0_GCX-ELvw6EM1QYCJEh1NRke3XdA%3D&hl=te&source=homepage&sa=X&ved=0ahUKEwjD7ODW7rSGAxWUJLkGHdbcBOEQ2ZgBCAg,sa,['X']
https://www.google.com/setprefs?sig=0_GCX-ELvw6EM1QYCJEh1NRke3XdA%3D&hl=te&source=homepage&sa=X&ved=0ahUKEwjD7ODW7rSGAxWUJLkGHdbcBOEQ2ZgBCAg,ved,['0ahUKEwjD7ODW7rSGAxWUJLkGHdbcBOEQ2ZgBCAg']
https://www.google.com/setprefs?sig=0_GCX-ELvw6EM1QYCJEh1NRke3XdA%3D&hl=mr&source=homepage&sa=X&ved=0ahUKEwjD7ODW7rSGAxWUJLkGHdbcBOEQ2ZgBCAk,sig,['0_GCX-ELvw6EM1QYCJEh1NRke3XdA=']
https://www.google.com/setprefs?sig=0_GCX-ELvw6EM1QYCJEh1NRke3XdA%3D&hl=mr&source=homepage&sa=X&ved=0ahUKEwjD7ODW7rSGAxWUJLkGHdbcBOEQ2ZgBCAk,hl,['mr']
https://www.google.com/setprefs?sig=0_GCX-ELvw6EM1QYCJEh1NRke3XdA%3D&hl=mr&source=homepage&sa=X&ved=0ahUKEwjD7ODW7rSGAxWUJLkGHdbcBOEQ2ZgBCAk,source,['homepage']
https://www.google.com/setprefs?sig=0_GCX-ELvw6EM1QYCJEh1NRke3XdA%3D&hl=mr&source=homepage&sa=X&ved=0ahUKEwjD7ODW7rSGAxWUJLkGHdbcBOEQ2ZgBCAk,sa,['X']
https://www.google.com/setprefs?sig=0_GCX-ELvw6EM1QYCJEh1NRke3XdA%3D&hl=mr&source=homepage&sa=X&ved=0ahUKEwjD7ODW7rSGAxWUJLkGHdbcBOEQ2ZgBCAk,ved,['0ahUKEwjD7ODW7rSGAxWUJLkGHdbcBOEQ2ZgBCAk']
https://www.google.com/setprefs?sig=0_GCX-ELvw6EM1QYCJEh1NRke3XdA%3D&hl=ta&source=homepage&sa=X&ved=0ahUKEwjD7ODW7rSGAxWUJLkGHdbcBOEQ2ZgBCAo,sig,['0_GCX-ELvw6EM1QYCJEh1NRke3XdA=']
https://www.google.com/setprefs?sig=0_GCX-ELvw6EM1QYCJEh1NRke3XdA%3D&hl=ta&source=homepage&sa=X&ved=0ahUKEwjD7ODW7rSGAxWUJLkGHdbcBOEQ2ZgBCAo,hl,['ta']
https://www.google.com/setprefs?sig=0_GCX-ELvw6EM1QYCJEh1NRke3XdA%3D&hl=ta&source=homepage&sa=X&ved=0ahUKEwjD7ODW7rSGAxWUJLkGHdbcBOEQ2ZgBCAo,source,['homepage']
https://www.google.com/setprefs?sig=0_GCX-ELvw6EM1QYCJEh1NRke3XdA%3D&hl=ta&source=homepage&sa=X&ved=0ahUKEwjD7ODW7rSGAxWUJLkGHdbcBOEQ2ZgBCAo,sa,['X']
https://www.google.com/setprefs?sig=0_GCX-ELvw6EM1QYCJEh1NRke3XdA%3D&hl=ta&source=homepage&sa=X&ved=0ahUKEwjD7ODW7rSGAxWUJLkGHdbcBOEQ2ZgBCAo,ved,['0ahUKEwjD7ODW7rSGAxWUJLkGHdbcBOEQ2ZgBCAo']
https://www.google.com/setprefs?sig=0_GCX-ELvw6EM1QYCJEh1NRke3XdA%3D&hl=gu&source=homepage&sa=X&ved=0ahUKEwjD7ODW7rSGAxWUJLkGHdbcBOEQ2ZgBCAs,sig,['0_GCX-ELvw6EM1QYCJEh1NRke3XdA=']
https://www.google.com/setprefs?sig=0_GCX-ELvw6EM1QYCJEh1NRke3XdA%3D&hl=gu&source=homepage&sa=X&ved=0ahUKEwjD7ODW7rSGAxWUJLkGHdbcBOEQ2ZgBCAs,hl,['gu']
https://www.google.com/setprefs?sig=0_GCX-ELvw6EM1QYCJEh1NRke3XdA%3D&hl=gu&source=homepage&sa=X&ved=0ahUKEwjD7ODW7rSGAxWUJLkGHdbcBOEQ2ZgBCAs,source,['homepage']
https://www.google.com/setprefs?sig=0_GCX-ELvw6EM1QYCJEh1NRke3XdA%3D&hl=gu&source=homepage&sa=X&ved=0ahUKEwjD7ODW7rSGAxWUJLkGHdbcBOEQ2ZgBCAs,sa,['X']
https://www.google.com/setprefs?sig=0_GCX-ELvw6EM1QYCJEh1NRke3XdA%3D&hl=gu&source=homepage&sa=X&ved=0ahUKEwjD7ODW7rSGAxWUJLkGHdbcBOEQ2ZgBCAs,ved,['0ahUKEwjD7ODW7rSGAxWUJLkGHdbcBOEQ2ZgBCAs']
https://www.google.com/setprefs?sig=0_GCX-ELvw6EM1QYCJEh1NRke3XdA%3D&hl=kn&source=homepage&sa=X&ved=0ahUKEwjD7ODW7rSGAxWUJLkGHdbcBOEQ2ZgBCAw,sig,['0_GCX-ELvw6EM1QYCJEh1NRke3XdA=']
https://www.google.com/setprefs?sig=0_GCX-ELvw6EM1QYCJEh1NRke3XdA%3D&hl=kn&source=homepage&sa=X&ved=0ahUKEwjD7ODW7rSGAxWUJLkGHdbcBOEQ2ZgBCAw,hl,['kn']
https://www.google.com/setprefs?sig=0_GCX-ELvw6EM1QYCJEh1NRke3XdA%3D&hl=kn&source=homepage&sa=X&ved=0ahUKEwjD7ODW7rSGAxWUJLkGHdbcBOEQ2ZgBCAw,source,['homepage']
https://www.google.com/setprefs?sig=0_GCX-ELvw6EM1QYCJEh1NRke3XdA%3D&hl=kn&source=homepage&sa=X&ved=0ahUKEwjD7ODW7rSGAxWUJLkGHdbcBOEQ2ZgBCAw,sa,['X']
https://www.google.com/setprefs?sig=0_GCX-ELvw6EM1QYCJEh1NRke3XdA%3D&hl=kn&source=homepage&sa=X&ved=0ahUKEwjD7ODW7rSGAxWUJLkGHdbcBOEQ2ZgBCAw,ved,['0ahUKEwjD7ODW7rSGAxWUJLkGHdbcBOEQ2ZgBCAw']
https://www.google.com/setprefs?sig=0_GCX-ELvw6EM1QYCJEh1NRke3XdA%3D&hl=ml&source=homepage&sa=X&ved=0ahUKEwjD7ODW7rSGAxWUJLkGHdbcBOEQ2ZgBCA0,sig,['0_GCX-ELvw6EM1QYCJEh1NRke3XdA=']
https://www.google.com/setprefs?sig=0_GCX-ELvw6EM1QYCJEh1NRke3XdA%3D&hl=ml&source=homepage&sa=X&ved=0ahUKEwjD7ODW7rSGAxWUJLkGHdbcBOEQ2ZgBCA0,hl,['ml']
https://www.google.com/setprefs?sig=0_GCX-ELvw6EM1QYCJEh1NRke3XdA%3D&hl=ml&source=homepage&sa=X&ved=0ahUKEwjD7ODW7rSGAxWUJLkGHdbcBOEQ2ZgBCA0,source,['homepage']
https://www.google.com/setprefs?sig=0_GCX-ELvw6EM1QYCJEh1NRke3XdA%3D&hl=ml&source=homepage&sa=X&ved=0ahUKEwjD7ODW7rSGAxWUJLkGHdbcBOEQ2ZgBCA0,sa,['X']
https://www.google.com/setprefs?sig=0_GCX-ELvw6EM1QYCJEh1NRke3XdA%3D&hl=ml&source=homepage&sa=X&ved=0ahUKEwjD7ODW7rSGAxWUJLkGHdbcBOEQ2ZgBCA0,ved,['0ahUKEwjD7ODW7rSGAxWUJLkGHdbcBOEQ2ZgBCA0']
https://www.google.com/setprefs?sig=0_GCX-ELvw6EM1QYCJEh1NRke3XdA%3D&hl=pa&source=homepage&sa=X&ved=0ahUKEwjD7ODW7rSGAxWUJLkGHdbcBOEQ2ZgBCA4,sig,['0_GCX-ELvw6EM1QYCJEh1NRke3XdA=']
https://www.google.com/setprefs?sig=0_GCX-ELvw6EM1QYCJEh1NRke3XdA%3D&hl=pa&source=homepage&sa=X&ved=0ahUKEwjD7ODW7rSGAxWUJLkGHdbcBOEQ2ZgBCA4,hl,['pa']
https://www.google.com/setprefs?sig=0_GCX-ELvw6EM1QYCJEh1NRke3XdA%3D&hl=pa&source=homepage&sa=X&ved=0ahUKEwjD7ODW7rSGAxWUJLkGHdbcBOEQ2ZgBCA4,source,['homepage']
https://www.google.com/setprefs?sig=0_GCX-ELvw6EM1QYCJEh1NRke3XdA%3D&hl=pa&source=homepage&sa=X&ved=0ahUKEwjD7ODW7rSGAxWUJLkGHdbcBOEQ2ZgBCA4,sa,['X']
https://www.google.com/setprefs?sig=0_GCX-ELvw6EM1QYCJEh1NRke3XdA%3D&hl=pa&source=homepage&sa=X&ved=0ahUKEwjD7ODW7rSGAxWUJLkGHdbcBOEQ2ZgBCA4,ved,['0ahUKEwjD7ODW7rSGAxWUJLkGHdbcBOEQ2ZgBCA4']
https://www.google.com/setprefdomain?prefdom=IN&prev=https://www.google.co.in/&sig=K_CtD1QLGpW8W_gjMLlcML7SH5NCE%3D,prefdom,['IN']
https://www.google.com/setprefdomain?prefdom=IN&prev=https://www.google.co.in/&sig=K_CtD1QLGpW8W_gjMLlcML7SH5NCE%3D,prev,['https://www.google.co.in/']
https://www.google.com/setprefdomain?prefdom=IN&prev=https://www.google.co.in/&sig=K_CtD1QLGpW8W_gjMLlcML7SH5NCE%3D,sig,['K_CtD1QLGpW8W_gjMLlcML7SH5NCE=']
https://www.youtube.com/howyoutubeworks?utm_campaign=ytgen&utm_source=ythp&utm_medium=LeftNav&utm_content=txt&u=https%3A%2F%2Fwww.youtube.com%2Fhowyoutubeworks%3Futm_source%3Dythp%26utm_medium%3DLeftNav%26utm_campaign%3Dytgen,utm_campaign,['ytgen']
https://www.youtube.com/howyoutubeworks?utm_campaign=ytgen&utm_source=ythp&utm_medium=LeftNav&utm_content=txt&u=https%3A%2F%2Fwww.youtube.com%2Fhowyoutubeworks%3Futm_source%3Dythp%26utm_medium%3DLeftNav%26utm_campaign%3Dytgen,utm_source,['ythp']
https://www.youtube.com/howyoutubeworks?utm_campaign=ytgen&utm_source=ythp&utm_medium=LeftNav&utm_content=txt&u=https%3A%2F%2Fwww.youtube.com%2Fhowyoutubeworks%3Futm_source%3Dythp%26utm_medium%3DLeftNav%26utm_campaign%3Dytgen,utm_medium,['LeftNav']
https://www.youtube.com/howyoutubeworks?utm_campaign=ytgen&utm_source=ythp&utm_medium=LeftNav&utm_content=txt&u=https%3A%2F%2Fwww.youtube.com%2Fhowyoutubeworks%3Futm_source%3Dythp%26utm_medium%3DLeftNav%26utm_campaign%3Dytgen,utm_content,['txt']
https://www.youtube.com/howyoutubeworks?utm_campaign=ytgen&utm_source=ythp&utm_medium=LeftNav&utm_content=txt&u=https%3A%2F%2Fwww.youtube.com%2Fhowyoutubeworks%3Futm_source%3Dythp%26utm_medium%3DLeftNav%26utm_campaign%3Dytgen,u,['https://www.youtube.com/howyoutubeworks?utm_source=ythp&utm_medium=LeftNav&utm_campaign=ytgen']
https://www.facebook.com/recover/initiate/?privacy_mutation_token=eyJ0eXBlIjowLCJjcmVhdGlvbl90aW1lIjoxNzE3MDU0NTU4LCJjYWxsc2l0ZV9pZCI6MzgxMjI5MDc5NTc1OTQ2fQ%3D%3D&ars=facebook_login,privacy_mutation_token,['eyJ0eXBlIjowLCJjcmVhdGlvbl90aW1lIjoxNzE3MDU0NTU4LCJjYWxsc2l0ZV9pZCI6MzgxMjI5MDc5NTc1OTQ2fQ==']
https://www.facebook.com/recover/initiate/?privacy_mutation_token=eyJ0eXBlIjowLCJjcmVhdGlvbl90aW1lIjoxNzE3MDU0NTU4LCJjYWxsc2l0ZV9pZCI6MzgxMjI5MDc5NTc1OTQ2fQ%3D%3D&ars=facebook_login,ars,['facebook_login']
/pages/create/?ref_type=registration_form,ref_type,['registration_form']
https://l.facebook.com/l.php?u=https%3A%2F%2Fwww.instagram.com%2F&h=AT02haZn-nQT4PFgG9_UUzAj2MZrPr8V7C-XhAkJpMKqoOGF8lBV6e87gfsZ1BzpPdN4pnrHeIo8IMu9AoC_zWcYyBx2mhKSHY_ZyQOPVEu3Iz0hvPA44-qrZmicK14cqIS7NnrqvYiEiORY,u,['https://www.instagram.com/']
https://l.facebook.com/l.php?u=https%3A%2F%2Fwww.instagram.com%2F&h=AT02haZn-nQT4PFgG9_UUzAj2MZrPr8V7C-XhAkJpMKqoOGF8lBV6e87gfsZ1BzpPdN4pnrHeIo8IMu9AoC_zWcYyBx2mhKSHY_ZyQOPVEu3Iz0hvPA44-qrZmicK14cqIS7NnrqvYiEiORY,h,['AT02haZn-nQT4PFgG9_UUzAj2MZrPr8V7C-XhAkJpMKqoOGF8lBV6e87gfsZ1BzpPdN4pnrHeIo8IMu9AoC_zWcYyBx2mhKSHY_ZyQOPVEu3Iz0hvPA44-qrZmicK14cqIS7NnrqvYiEiORY']
/votinginformationcenter/?entry_point=c2l0ZQ%3D%3D,entry_point,['c2l0ZQ==']
/privacy/policy/?entry_point=facebook_page_footer,entry_point,['facebook_page_footer']
/privacy/center/?entry_point=facebook_page_footer,entry_point,['facebook_page_footer']
/ad_campaign/landing.php?placement=pflo&campaign_id=402047449186&nav_source=unknown&extra_1=auto,placement,['pflo']
/ad_campaign/landing.php?placement=pflo&campaign_id=402047449186&nav_source=unknown&extra_1=auto,campaign_id,['402047449186']
/ad_campaign/landing.php?placement=pflo&campaign_id=402047449186&nav_source=unknown&extra_1=auto,nav_source,['unknown']
/ad_campaign/landing.php?placement=pflo&campaign_id=402047449186&nav_source=unknown&extra_1=auto,extra_1,['auto']
/pages/create/?ref_type=site_footer,ref_type,['site_footer']
https://developers.facebook.com/?ref=pf,ref,['pf']
/careers/?ref=pf,ref,['pf']
/policies?ref=pf,ref,['pf']
/help/?ref=pf,ref,['pf']
/allactivity?privacy_source=activity_log_top_menu,privacy_source,['activity_log_top_menu']
https://donate.wikimedia.org/?utm_medium=portal&utm_campaign=portalFooter&utm_source=portalFooter,utm_medium,['portal']
https://donate.wikimedia.org/?utm_medium=portal&utm_campaign=portalFooter&utm_source=portalFooter,utm_campaign,['portalFooter']
https://donate.wikimedia.org/?utm_medium=portal&utm_campaign=portalFooter&utm_source=portalFooter,utm_source,['portalFooter']
https://play.google.com/store/apps/details?id=org.wikipedia&referrer=utm_source%3Dportal%26utm_medium%3Dbutton%26anid%3Dadmob,id,['org.wikipedia']
https://play.google.com/store/apps/details?id=org.wikipedia&referrer=utm_source%3Dportal%26utm_medium%3Dbutton%26anid%3Dadmob,referrer,['utm_source=portal&utm_medium=button&anid=admob']
https://itunes.apple.com/app/apple-store/id324715238?pt=208305&ct=portal&mt=8,pt,['208305']
https://itunes.apple.com/app/apple-store/id324715238?pt=208305&ct=portal&mt=8,ct,['portal']
https://itunes.apple.com/app/apple-store/id324715238?pt=208305&ct=portal&mt=8,mt,['8']
https://finance.yahoo.com/screener/analyst_ratings/new?ncid=dcm_320339942_490172245_127172993,ncid,['dcm_320339942_490172245_127172993']
https://finance.yahoo.com/screener/tradingcentral_event/new?ncid=dcm_320544712_490172245_127172993,ncid,['dcm_320544712_490172245_127172993']
https://finance.yahoo.com/screener/institutional_interest/new?ncid=dcm_320344326_490172245_127172993,ncid,['dcm_320344326_490172245_127172993']
https://finance.yahoo.com/screener/institutional_holdings/new?ncid=dcm_320545006_490172245_127172993,ncid,['dcm_320545006_490172245_127172993']
https://guce.yahoo.com/terms?locale=en-US,locale,['en-US']
https://guce.yahoo.com/privacy-policy?locale=en-US,locale,['en-US']
https://guce.yahoo.com/privacy-dashboard?locale=en-US,locale,['en-US']
https://yahoo.uservoice.com/forums/925969?browser=&bucket=&location=US&os=&partner=none&rid=7b4ufntj5gb39,location,['US']
https://yahoo.uservoice.com/forums/925969?browser=&bucket=&location=US&os=&partner=none&rid=7b4ufntj5gb39,partner,['none']
https://yahoo.uservoice.com/forums/925969?browser=&bucket=&location=US&os=&partner=none&rid=7b4ufntj5gb39,rid,['7b4ufntj5gb39']
https://www.yahoo.com/?p=dnr,p,['dnr']
https://espanol.yahoo.com/?p=dnr,p,['dnr']
https://au.yahoo.com/?p=dnr,p,['dnr']
https://ca.yahoo.com/?p=dnr,p,['dnr']
https://qc.yahoo.com/?p=dnr,p,['dnr']
https://de.yahoo.com/?p=dnr,p,['dnr']
https://fr.yahoo.com/?p=dnr,p,['dnr']
https://hk.yahoo.com/?p=dnr,p,['dnr']
https://malaysia.yahoo.com/?p=dnr,p,['dnr']
https://nz.yahoo.com/?p=dnr,p,['dnr']
https://sg.yahoo.com/?p=dnr,p,['dnr']
https://tw.yahoo.com/?p=dnr,p,['dnr']
https://uk.yahoo.com/?p=dnr,p,['dnr']
https://login.yahoo.com/?.lang=en-US&src=homepage,.lang,['en-US']
https://login.yahoo.com/?.lang=en-US&src=homepage,src,['homepage']
https://www.yahoo.com/plus?ncid=mbr_ryhacqnav00000038,ncid,['mbr_ryhacqnav00000038']
http://www.yahoo.com/?page=2,page,['2']
"https://search.yahoo.com/search?p=Seattle+Mariners&fr=fp-tts&fr2=p:fp,m:tn,ct:all,kt:org,pg:1,stl:txt,b:",p,['Seattle Mariners']
"https://search.yahoo.com/search?p=Seattle+Mariners&fr=fp-tts&fr2=p:fp,m:tn,ct:all,kt:org,pg:1,stl:txt,b:",fr,['fp-tts']
"https://search.yahoo.com/search?p=Seattle+Mariners&fr=fp-tts&fr2=p:fp,m:tn,ct:all,kt:org,pg:1,stl:txt,b:",fr2,"['p:fp,m:tn,ct:all,kt:org,pg:1,stl:txt,b:']"
"https://search.yahoo.com/search?p=WNBA&fr=fp-tts&fr2=p:fp,m:tn,ct:all,kt:org,pg:1,stl:txt,b:",p,['WNBA']
"https://search.yahoo.com/search?p=WNBA&fr=fp-tts&fr2=p:fp,m:tn,ct:all,kt:org,pg:1,stl:txt,b:",fr,['fp-tts']
"https://search.yahoo.com/search?p=WNBA&fr=fp-tts&fr2=p:fp,m:tn,ct:all,kt:org,pg:1,stl:txt,b:",fr2,"['p:fp,m:tn,ct:all,kt:org,pg:1,stl:txt,b:']"
"https://search.yahoo.com/search?p=Iceland+Volcano+Eruption&fr=fp-tts&fr2=p:fp,m:tn,ct:all,kt:org,pg:1,stl:txt,b:",p,['Iceland Volcano Eruption']
"https://search.yahoo.com/search?p=Iceland+Volcano+Eruption&fr=fp-tts&fr2=p:fp,m:tn,ct:all,kt:org,pg:1,stl:txt,b:",fr,['fp-tts']
"https://search.yahoo.com/search?p=Iceland+Volcano+Eruption&fr=fp-tts&fr2=p:fp,m:tn,ct:all,kt:org,pg:1,stl:txt,b:",fr2,"['p:fp,m:tn,ct:all,kt:org,pg:1,stl:txt,b:']"
"https://search.yahoo.com/search?p=Trump+Jury+Deliberations&fr=fp-tts&fr2=p:fp,m:tn,ct:all,kt:org,pg:1,stl:txt,b:",p,['Trump Jury Deliberations']
"https://search.yahoo.com/search?p=Trump+Jury+Deliberations&fr=fp-tts&fr2=p:fp,m:tn,ct:all,kt:org,pg:1,stl:txt,b:",fr,['fp-tts']
"https://search.yahoo.com/search?p=Trump+Jury+Deliberations&fr=fp-tts&fr2=p:fp,m:tn,ct:all,kt:org,pg:1,stl:txt,b:",fr2,"['p:fp,m:tn,ct:all,kt:org,pg:1,stl:txt,b:']"
"https://search.yahoo.com/search?p=Bill+Walton&fr=fp-tts&fr2=p:fp,m:tn,ct:all,kt:org,pg:1,stl:txt,b:",p,['Bill Walton']
"https://search.yahoo.com/search?p=Bill+Walton&fr=fp-tts&fr2=p:fp,m:tn,ct:all,kt:org,pg:1,stl:txt,b:",fr,['fp-tts']
"https://search.yahoo.com/search?p=Bill+Walton&fr=fp-tts&fr2=p:fp,m:tn,ct:all,kt:org,pg:1,stl:txt,b:",fr2,"['p:fp,m:tn,ct:all,kt:org,pg:1,stl:txt,b:']"
"https://search.yahoo.com/search?p=Donald+Trump&fr=fp-tts&fr2=p:fp,m:tn,ct:all,kt:org,pg:1,stl:txt,b:",p,['Donald Trump']
"https://search.yahoo.com/search?p=Donald+Trump&fr=fp-tts&fr2=p:fp,m:tn,ct:all,kt:org,pg:1,stl:txt,b:",fr,['fp-tts']
"https://search.yahoo.com/search?p=Donald+Trump&fr=fp-tts&fr2=p:fp,m:tn,ct:all,kt:org,pg:1,stl:txt,b:",fr2,"['p:fp,m:tn,ct:all,kt:org,pg:1,stl:txt,b:']"
"https://search.yahoo.com/search?p=Prince+Harry&fr=fp-tts&fr2=p:fp,m:tn,ct:all,kt:org,pg:1,stl:txt,b:",p,['Prince Harry']
"https://search.yahoo.com/search?p=Prince+Harry&fr=fp-tts&fr2=p:fp,m:tn,ct:all,kt:org,pg:1,stl:txt,b:",fr,['fp-tts']
"https://search.yahoo.com/search?p=Prince+Harry&fr=fp-tts&fr2=p:fp,m:tn,ct:all,kt:org,pg:1,stl:txt,b:",fr2,"['p:fp,m:tn,ct:all,kt:org,pg:1,stl:txt,b:']"
"https://search.yahoo.com/search?p=Johnny+Wactor&fr=fp-tts&fr2=p:fp,m:tn,ct:all,kt:org,pg:1,stl:txt,b:",p,['Johnny Wactor']
"https://search.yahoo.com/search?p=Johnny+Wactor&fr=fp-tts&fr2=p:fp,m:tn,ct:all,kt:org,pg:1,stl:txt,b:",fr,['fp-tts']
"https://search.yahoo.com/search?p=Johnny+Wactor&fr=fp-tts&fr2=p:fp,m:tn,ct:all,kt:org,pg:1,stl:txt,b:",fr2,"['p:fp,m:tn,ct:all,kt:org,pg:1,stl:txt,b:']"
"https://search.yahoo.com/search?p=Richard+Goodall&fr=fp-tts&fr2=p:fp,m:tn,ct:all,kt:org,pg:1,stl:txt,b:",p,['Richard Goodall']
"https://search.yahoo.com/search?p=Richard+Goodall&fr=fp-tts&fr2=p:fp,m:tn,ct:all,kt:org,pg:1,stl:txt,b:",fr,['fp-tts']
"https://search.yahoo.com/search?p=Richard+Goodall&fr=fp-tts&fr2=p:fp,m:tn,ct:all,kt:org,pg:1,stl:txt,b:",fr2,"['p:fp,m:tn,ct:all,kt:org,pg:1,stl:txt,b:']"
"https://search.yahoo.com/search?p=Sean+%27Diddy%27+Combs&fr=fp-tts&fr2=p:fp,m:tn,ct:all,kt:org,pg:1,stl:txt,b:",p,"[""Sean 'Diddy' Combs""]"
"https://search.yahoo.com/search?p=Sean+%27Diddy%27+Combs&fr=fp-tts&fr2=p:fp,m:tn,ct:all,kt:org,pg:1,stl:txt,b:",fr,['fp-tts']
"https://search.yahoo.com/search?p=Sean+%27Diddy%27+Combs&fr=fp-tts&fr2=p:fp,m:tn,ct:all,kt:org,pg:1,stl:txt,b:",fr2,"['p:fp,m:tn,ct:all,kt:org,pg:1,stl:txt,b:']"
https://www.google.co.in/imghp?hl=en&tab=wi,hl,['en']
https://www.google.co.in/imghp?hl=en&tab=wi,tab,['wi']
https://accounts.google.com/ServiceLogin?hl=en&passive=true&continue=https://www.google.co.in/&ec=GAZAAQ,hl,['en']
https://accounts.google.com/ServiceLogin?hl=en&passive=true&continue=https://www.google.co.in/&ec=GAZAAQ,passive,['true']
https://accounts.google.com/ServiceLogin?hl=en&passive=true&continue=https://www.google.co.in/&ec=GAZAAQ,continue,['https://www.google.co.in/']
https://accounts.google.com/ServiceLogin?hl=en&passive=true&continue=https://www.google.co.in/&ec=GAZAAQ,ec,['GAZAAQ']
https://www.google.co.in/setprefs?sig=0_yv75O8TC3U_P0kNVhqdH-Iuo_7c%3D&hl=hi&source=homepage&sa=X&ved=0ahUKEwj788Xe7rSGAxXIgWEGHT5rAkQQ2ZgBCAY,sig,['0_yv75O8TC3U_P0kNVhqdH-Iuo_7c=']
https://www.google.co.in/setprefs?sig=0_yv75O8TC3U_P0kNVhqdH-Iuo_7c%3D&hl=hi&source=homepage&sa=X&ved=0ahUKEwj788Xe7rSGAxXIgWEGHT5rAkQQ2ZgBCAY,hl,['hi']
https://www.google.co.in/setprefs?sig=0_yv75O8TC3U_P0kNVhqdH-Iuo_7c%3D&hl=hi&source=homepage&sa=X&ved=0ahUKEwj788Xe7rSGAxXIgWEGHT5rAkQQ2ZgBCAY,source,['homepage']
https://www.google.co.in/setprefs?sig=0_yv75O8TC3U_P0kNVhqdH-Iuo_7c%3D&hl=hi&source=homepage&sa=X&ved=0ahUKEwj788Xe7rSGAxXIgWEGHT5rAkQQ2ZgBCAY,sa,['X']
https://www.google.co.in/setprefs?sig=0_yv75O8TC3U_P0kNVhqdH-Iuo_7c%3D&hl=hi&source=homepage&sa=X&ved=0ahUKEwj788Xe7rSGAxXIgWEGHT5rAkQQ2ZgBCAY,ved,['0ahUKEwj788Xe7rSGAxXIgWEGHT5rAkQQ2ZgBCAY']
https://www.google.co.in/setprefs?sig=0_yv75O8TC3U_P0kNVhqdH-Iuo_7c%3D&hl=bn&source=homepage&sa=X&ved=0ahUKEwj788Xe7rSGAxXIgWEGHT5rAkQQ2ZgBCAc,sig,['0_yv75O8TC3U_P0kNVhqdH-Iuo_7c=']
https://www.google.co.in/setprefs?sig=0_yv75O8TC3U_P0kNVhqdH-Iuo_7c%3D&hl=bn&source=homepage&sa=X&ved=0ahUKEwj788Xe7rSGAxXIgWEGHT5rAkQQ2ZgBCAc,hl,['bn']
https://www.google.co.in/setprefs?sig=0_yv75O8TC3U_P0kNVhqdH-Iuo_7c%3D&hl=bn&source=homepage&sa=X&ved=0ahUKEwj788Xe7rSGAxXIgWEGHT5rAkQQ2ZgBCAc,source,['homepage']
https://www.google.co.in/setprefs?sig=0_yv75O8TC3U_P0kNVhqdH-Iuo_7c%3D&hl=bn&source=homepage&sa=X&ved=0ahUKEwj788Xe7rSGAxXIgWEGHT5rAkQQ2ZgBCAc,sa,['X']
https://www.google.co.in/setprefs?sig=0_yv75O8TC3U_P0kNVhqdH-Iuo_7c%3D&hl=bn&source=homepage&sa=X&ved=0ahUKEwj788Xe7rSGAxXIgWEGHT5rAkQQ2ZgBCAc,ved,['0ahUKEwj788Xe7rSGAxXIgWEGHT5rAkQQ2ZgBCAc']
https://www.google.co.in/setprefs?sig=0_yv75O8TC3U_P0kNVhqdH-Iuo_7c%3D&hl=te&source=homepage&sa=X&ved=0ahUKEwj788Xe7rSGAxXIgWEGHT5rAkQQ2ZgBCAg,sig,['0_yv75O8TC3U_P0kNVhqdH-Iuo_7c=']
https://www.google.co.in/setprefs?sig=0_yv75O8TC3U_P0kNVhqdH-Iuo_7c%3D&hl=te&source=homepage&sa=X&ved=0ahUKEwj788Xe7rSGAxXIgWEGHT5rAkQQ2ZgBCAg,hl,['te']
https://www.google.co.in/setprefs?sig=0_yv75O8TC3U_P0kNVhqdH-Iuo_7c%3D&hl=te&source=homepage&sa=X&ved=0ahUKEwj788Xe7rSGAxXIgWEGHT5rAkQQ2ZgBCAg,source,['homepage']
https://www.google.co.in/setprefs?sig=0_yv75O8TC3U_P0kNVhqdH-Iuo_7c%3D&hl=te&source=homepage&sa=X&ved=0ahUKEwj788Xe7rSGAxXIgWEGHT5rAkQQ2ZgBCAg,sa,['X']
https://www.google.co.in/setprefs?sig=0_yv75O8TC3U_P0kNVhqdH-Iuo_7c%3D&hl=te&source=homepage&sa=X&ved=0ahUKEwj788Xe7rSGAxXIgWEGHT5rAkQQ2ZgBCAg,ved,['0ahUKEwj788Xe7rSGAxXIgWEGHT5rAkQQ2ZgBCAg']
https://www.google.co.in/setprefs?sig=0_yv75O8TC3U_P0kNVhqdH-Iuo_7c%3D&hl=mr&source=homepage&sa=X&ved=0ahUKEwj788Xe7rSGAxXIgWEGHT5rAkQQ2ZgBCAk,sig,['0_yv75O8TC3U_P0kNVhqdH-Iuo_7c=']
https://www.google.co.in/setprefs?sig=0_yv75O8TC3U_P0kNVhqdH-Iuo_7c%3D&hl=mr&source=homepage&sa=X&ved=0ahUKEwj788Xe7rSGAxXIgWEGHT5rAkQQ2ZgBCAk,hl,['mr']
https://www.google.co.in/setprefs?sig=0_yv75O8TC3U_P0kNVhqdH-Iuo_7c%3D&hl=mr&source=homepage&sa=X&ved=0ahUKEwj788Xe7rSGAxXIgWEGHT5rAkQQ2ZgBCAk,source,['homepage']
https://www.google.co.in/setprefs?sig=0_yv75O8TC3U_P0kNVhqdH-Iuo_7c%3D&hl=mr&source=homepage&sa=X&ved=0ahUKEwj788Xe7rSGAxXIgWEGHT5rAkQQ2ZgBCAk,sa,['X']
https://www.google.co.in/setprefs?sig=0_yv75O8TC3U_P0kNVhqdH-Iuo_7c%3D&hl=mr&source=homepage&sa=X&ved=0ahUKEwj788Xe7rSGAxXIgWEGHT5rAkQQ2ZgBCAk,ved,['0ahUKEwj788Xe7rSGAxXIgWEGHT5rAkQQ2ZgBCAk']
https://www.google.co.in/setprefs?sig=0_yv75O8TC3U_P0kNVhqdH-Iuo_7c%3D&hl=ta&source=homepage&sa=X&ved=0ahUKEwj788Xe7rSGAxXIgWEGHT5rAkQQ2ZgBCAo,sig,['0_yv75O8TC3U_P0kNVhqdH-Iuo_7c=']
https://www.google.co.in/setprefs?sig=0_yv75O8TC3U_P0kNVhqdH-Iuo_7c%3D&hl=ta&source=homepage&sa=X&ved=0ahUKEwj788Xe7rSGAxXIgWEGHT5rAkQQ2ZgBCAo,hl,['ta']
https://www.google.co.in/setprefs?sig=0_yv75O8TC3U_P0kNVhqdH-Iuo_7c%3D&hl=ta&source=homepage&sa=X&ved=0ahUKEwj788Xe7rSGAxXIgWEGHT5rAkQQ2ZgBCAo,source,['homepage']
https://www.google.co.in/setprefs?sig=0_yv75O8TC3U_P0kNVhqdH-Iuo_7c%3D&hl=ta&source=homepage&sa=X&ved=0ahUKEwj788Xe7rSGAxXIgWEGHT5rAkQQ2ZgBCAo,sa,['X']
https://www.google.co.in/setprefs?sig=0_yv75O8TC3U_P0kNVhqdH-Iuo_7c%3D&hl=ta&source=homepage&sa=X&ved=0ahUKEwj788Xe7rSGAxXIgWEGHT5rAkQQ2ZgBCAo,ved,['0ahUKEwj788Xe7rSGAxXIgWEGHT5rAkQQ2ZgBCAo']
https://www.google.co.in/setprefs?sig=0_yv75O8TC3U_P0kNVhqdH-Iuo_7c%3D&hl=gu&source=homepage&sa=X&ved=0ahUKEwj788Xe7rSGAxXIgWEGHT5rAkQQ2ZgBCAs,sig,['0_yv75O8TC3U_P0kNVhqdH-Iuo_7c=']
https://www.google.co.in/setprefs?sig=0_yv75O8TC3U_P0kNVhqdH-Iuo_7c%3D&hl=gu&source=homepage&sa=X&ved=0ahUKEwj788Xe7rSGAxXIgWEGHT5rAkQQ2ZgBCAs,hl,['gu']
https://www.google.co.in/setprefs?sig=0_yv75O8TC3U_P0kNVhqdH-Iuo_7c%3D&hl=gu&source=homepage&sa=X&ved=0ahUKEwj788Xe7rSGAxXIgWEGHT5rAkQQ2ZgBCAs,source,['homepage']
https://www.google.co.in/setprefs?sig=0_yv75O8TC3U_P0kNVhqdH-Iuo_7c%3D&hl=gu&source=homepage&sa=X&ved=0ahUKEwj788Xe7rSGAxXIgWEGHT5rAkQQ2ZgBCAs,sa,['X']
https://www.google.co.in/setprefs?sig=0_yv75O8TC3U_P0kNVhqdH-Iuo_7c%3D&hl=gu&source=homepage&sa=X&ved=0ahUKEwj788Xe7rSGAxXIgWEGHT5rAkQQ2ZgBCAs,ved,['0ahUKEwj788Xe7rSGAxXIgWEGHT5rAkQQ2ZgBCAs']
https://www.google.co.in/setprefs?sig=0_yv75O8TC3U_P0kNVhqdH-Iuo_7c%3D&hl=kn&source=homepage&sa=X&ved=0ahUKEwj788Xe7rSGAxXIgWEGHT5rAkQQ2ZgBCAw,sig,['0_yv75O8TC3U_P0kNVhqdH-Iuo_7c=']
https://www.google.co.in/setprefs?sig=0_yv75O8TC3U_P0kNVhqdH-Iuo_7c%3D&hl=kn&source=homepage&sa=X&ved=0ahUKEwj788Xe7rSGAxXIgWEGHT5rAkQQ2ZgBCAw,hl,['kn']
https://www.google.co.in/setprefs?sig=0_yv75O8TC3U_P0kNVhqdH-Iuo_7c%3D&hl=kn&source=homepage&sa=X&ved=0ahUKEwj788Xe7rSGAxXIgWEGHT5rAkQQ2ZgBCAw,source,['homepage']
https://www.google.co.in/setprefs?sig=0_yv75O8TC3U_P0kNVhqdH-Iuo_7c%3D&hl=kn&source=homepage&sa=X&ved=0ahUKEwj788Xe7rSGAxXIgWEGHT5rAkQQ2ZgBCAw,sa,['X']
https://www.google.co.in/setprefs?sig=0_yv75O8TC3U_P0kNVhqdH-Iuo_7c%3D&hl=kn&source=homepage&sa=X&ved=0ahUKEwj788Xe7rSGAxXIgWEGHT5rAkQQ2ZgBCAw,ved,['0ahUKEwj788Xe7rSGAxXIgWEGHT5rAkQQ2ZgBCAw']
https://www.google.co.in/setprefs?sig=0_yv75O8TC3U_P0kNVhqdH-Iuo_7c%3D&hl=ml&source=homepage&sa=X&ved=0ahUKEwj788Xe7rSGAxXIgWEGHT5rAkQQ2ZgBCA0,sig,['0_yv75O8TC3U_P0kNVhqdH-Iuo_7c=']
https://www.google.co.in/setprefs?sig=0_yv75O8TC3U_P0kNVhqdH-Iuo_7c%3D&hl=ml&source=homepage&sa=X&ved=0ahUKEwj788Xe7rSGAxXIgWEGHT5rAkQQ2ZgBCA0,hl,['ml']
https://www.google.co.in/setprefs?sig=0_yv75O8TC3U_P0kNVhqdH-Iuo_7c%3D&hl=ml&source=homepage&sa=X&ved=0ahUKEwj788Xe7rSGAxXIgWEGHT5rAkQQ2ZgBCA0,source,['homepage']
https://www.google.co.in/setprefs?sig=0_yv75O8TC3U_P0kNVhqdH-Iuo_7c%3D&hl=ml&source=homepage&sa=X&ved=0ahUKEwj788Xe7rSGAxXIgWEGHT5rAkQQ2ZgBCA0,sa,['X']
https://www.google.co.in/setprefs?sig=0_yv75O8TC3U_P0kNVhqdH-Iuo_7c%3D&hl=ml&source=homepage&sa=X&ved=0ahUKEwj788Xe7rSGAxXIgWEGHT5rAkQQ2ZgBCA0,ved,['0ahUKEwj788Xe7rSGAxXIgWEGHT5rAkQQ2ZgBCA0']
https://www.google.co.in/setprefs?sig=0_yv75O8TC3U_P0kNVhqdH-Iuo_7c%3D&hl=pa&source=homepage&sa=X&ved=0ahUKEwj788Xe7rSGAxXIgWEGHT5rAkQQ2ZgBCA4,sig,['0_yv75O8TC3U_P0kNVhqdH-Iuo_7c=']
https://www.google.co.in/setprefs?sig=0_yv75O8TC3U_P0kNVhqdH-Iuo_7c%3D&hl=pa&source=homepage&sa=X&ved=0ahUKEwj788Xe7rSGAxXIgWEGHT5rAkQQ2ZgBCA4,hl,['pa']
https://www.google.co.in/setprefs?sig=0_yv75O8TC3U_P0kNVhqdH-Iuo_7c%3D&hl=pa&source=homepage&sa=X&ved=0ahUKEwj788Xe7rSGAxXIgWEGHT5rAkQQ2ZgBCA4,source,['homepage']
https://www.google.co.in/setprefs?sig=0_yv75O8TC3U_P0kNVhqdH-Iuo_7c%3D&hl=pa&source=homepage&sa=X&ved=0ahUKEwj788Xe7rSGAxXIgWEGHT5rAkQQ2ZgBCA4,sa,['X']
https://www.google.co.in/setprefs?sig=0_yv75O8TC3U_P0kNVhqdH-Iuo_7c%3D&hl=pa&source=homepage&sa=X&ved=0ahUKEwj788Xe7rSGAxXIgWEGHT5rAkQQ2ZgBCA4,ved,['0ahUKEwj788Xe7rSGAxXIgWEGHT5rAkQQ2ZgBCA4']
https://www.google.co.in/setprefdomain?prefdom=US&sig=K_fKM9Ei1tmzmwvuoKpQ_XPOgni7Y%3D,prefdom,['US']
https://www.google.co.in/setprefdomain?prefdom=US&sig=K_fKM9Ei1tmzmwvuoKpQ_XPOgni7Y%3D,sig,['K_fKM9Ei1tmzmwvuoKpQ_XPOgni7Y=']
https://accounts.reddit.com/adsregister?utm_source=web3x_consumer&utm_name=user_menu_cta,utm_source,['web3x_consumer']
https://accounts.reddit.com/adsregister?utm_source=web3x_consumer&utm_name=user_menu_cta,utm_name,['user_menu_cta']
https://play.google.com/store/apps/details?id=com.reddit.frontpage,id,['com.reddit.frontpage']
/search/?q=%22George+Miller%22+AND+%22Mad+Max%22&type=link&source=trending&cId=48c7a806-5a4c-4d9a-a815-5389fb76ac8f&iId=f150dca6-ee84-4b25-a7c2-db26061d110d,q,"['""George Miller"" AND ""Mad Max""']"
/search/?q=%22George+Miller%22+AND+%22Mad+Max%22&type=link&source=trending&cId=48c7a806-5a4c-4d9a-a815-5389fb76ac8f&iId=f150dca6-ee84-4b25-a7c2-db26061d110d,type,['link']
/search/?q=%22George+Miller%22+AND+%22Mad+Max%22&type=link&source=trending&cId=48c7a806-5a4c-4d9a-a815-5389fb76ac8f&iId=f150dca6-ee84-4b25-a7c2-db26061d110d,source,['trending']
/search/?q=%22George+Miller%22+AND+%22Mad+Max%22&type=link&source=trending&cId=48c7a806-5a4c-4d9a-a815-5389fb76ac8f&iId=f150dca6-ee84-4b25-a7c2-db26061d110d,cId,['48c7a806-5a4c-4d9a-a815-5389fb76ac8f']
/search/?q=%22George+Miller%22+AND+%22Mad+Max%22&type=link&source=trending&cId=48c7a806-5a4c-4d9a-a815-5389fb76ac8f&iId=f150dca6-ee84-4b25-a7c2-db26061d110d,iId,['f150dca6-ee84-4b25-a7c2-db26061d110d']
/search/?q=%22Scottie+Scheffler%22&type=link&source=trending&cId=48c7a806-5a4c-4d9a-a815-5389fb76ac8f&iId=f9da6c43-5b56-4383-be84-06740e35a69f,q,"['""Scottie Scheffler""']"
/search/?q=%22Scottie+Scheffler%22&type=link&source=trending&cId=48c7a806-5a4c-4d9a-a815-5389fb76ac8f&iId=f9da6c43-5b56-4383-be84-06740e35a69f,type,['link']
/search/?q=%22Scottie+Scheffler%22&type=link&source=trending&cId=48c7a806-5a4c-4d9a-a815-5389fb76ac8f&iId=f9da6c43-5b56-4383-be84-06740e35a69f,source,['trending']
/search/?q=%22Scottie+Scheffler%22&type=link&source=trending&cId=48c7a806-5a4c-4d9a-a815-5389fb76ac8f&iId=f9da6c43-5b56-4383-be84-06740e35a69f,cId,['48c7a806-5a4c-4d9a-a815-5389fb76ac8f']
/search/?q=%22Scottie+Scheffler%22&type=link&source=trending&cId=48c7a806-5a4c-4d9a-a815-5389fb76ac8f&iId=f9da6c43-5b56-4383-be84-06740e35a69f,iId,['f9da6c43-5b56-4383-be84-06740e35a69f']
/search/?q=Tooth+regrowing+drug&type=link&source=trending&cId=48c7a806-5a4c-4d9a-a815-5389fb76ac8f&iId=0f8ff66a-57ae-4c37-b99f-89daacc5761e,q,['Tooth regrowing drug']
/search/?q=Tooth+regrowing+drug&type=link&source=trending&cId=48c7a806-5a4c-4d9a-a815-5389fb76ac8f&iId=0f8ff66a-57ae-4c37-b99f-89daacc5761e,type,['link']
/search/?q=Tooth+regrowing+drug&type=link&source=trending&cId=48c7a806-5a4c-4d9a-a815-5389fb76ac8f&iId=0f8ff66a-57ae-4c37-b99f-89daacc5761e,source,['trending']
/search/?q=Tooth+regrowing+drug&type=link&source=trending&cId=48c7a806-5a4c-4d9a-a815-5389fb76ac8f&iId=0f8ff66a-57ae-4c37-b99f-89daacc5761e,cId,['48c7a806-5a4c-4d9a-a815-5389fb76ac8f']
/search/?q=Tooth+regrowing+drug&type=link&source=trending&cId=48c7a806-5a4c-4d9a-a815-5389fb76ac8f&iId=0f8ff66a-57ae-4c37-b99f-89daacc5761e,iId,['0f8ff66a-57ae-4c37-b99f-89daacc5761e']
/search/?q=Ticketmaster+AND+%28hack+OR+data%29&type=link&source=trending&cId=48c7a806-5a4c-4d9a-a815-5389fb76ac8f&iId=c3258311-3688-47ae-99b2-3832f423bd2a,q,['Ticketmaster AND (hack OR data)']
/search/?q=Ticketmaster+AND+%28hack+OR+data%29&type=link&source=trending&cId=48c7a806-5a4c-4d9a-a815-5389fb76ac8f&iId=c3258311-3688-47ae-99b2-3832f423bd2a,type,['link']
/search/?q=Ticketmaster+AND+%28hack+OR+data%29&type=link&source=trending&cId=48c7a806-5a4c-4d9a-a815-5389fb76ac8f&iId=c3258311-3688-47ae-99b2-3832f423bd2a,source,['trending']
/search/?q=Ticketmaster+AND+%28hack+OR+data%29&type=link&source=trending&cId=48c7a806-5a4c-4d9a-a815-5389fb76ac8f&iId=c3258311-3688-47ae-99b2-3832f423bd2a,cId,['48c7a806-5a4c-4d9a-a815-5389fb76ac8f']
/search/?q=Ticketmaster+AND+%28hack+OR+data%29&type=link&source=trending&cId=48c7a806-5a4c-4d9a-a815-5389fb76ac8f&iId=c3258311-3688-47ae-99b2-3832f423bd2a,iId,['c3258311-3688-47ae-99b2-3832f423bd2a']
/search/?q=%22Wake+Up+Dead+Man%22&type=link&source=trending&cId=48c7a806-5a4c-4d9a-a815-5389fb76ac8f&iId=7d413803-9812-475d-b6b5-27df0a62b427,q,"['""Wake Up Dead Man""']"
/search/?q=%22Wake+Up+Dead+Man%22&type=link&source=trending&cId=48c7a806-5a4c-4d9a-a815-5389fb76ac8f&iId=7d413803-9812-475d-b6b5-27df0a62b427,type,['link']
/search/?q=%22Wake+Up+Dead+Man%22&type=link&source=trending&cId=48c7a806-5a4c-4d9a-a815-5389fb76ac8f&iId=7d413803-9812-475d-b6b5-27df0a62b427,source,['trending']
/search/?q=%22Wake+Up+Dead+Man%22&type=link&source=trending&cId=48c7a806-5a4c-4d9a-a815-5389fb76ac8f&iId=7d413803-9812-475d-b6b5-27df0a62b427,cId,['48c7a806-5a4c-4d9a-a815-5389fb76ac8f']
/search/?q=%22Wake+Up+Dead+Man%22&type=link&source=trending&cId=48c7a806-5a4c-4d9a-a815-5389fb76ac8f&iId=7d413803-9812-475d-b6b5-27df0a62b427,iId,['7d413803-9812-475d-b6b5-27df0a62b427']
/search/?q=%22Moana+2%22&type=link&source=trending&cId=48c7a806-5a4c-4d9a-a815-5389fb76ac8f&iId=94187be4-6456-444c-b5de-4c135c487b87,q,"['""Moana 2""']"
/search/?q=%22Moana+2%22&type=link&source=trending&cId=48c7a806-5a4c-4d9a-a815-5389fb76ac8f&iId=94187be4-6456-444c-b5de-4c135c487b87,type,['link']
/search/?q=%22Moana+2%22&type=link&source=trending&cId=48c7a806-5a4c-4d9a-a815-5389fb76ac8f&iId=94187be4-6456-444c-b5de-4c135c487b87,source,['trending']
/search/?q=%22Moana+2%22&type=link&source=trending&cId=48c7a806-5a4c-4d9a-a815-5389fb76ac8f&iId=94187be4-6456-444c-b5de-4c135c487b87,cId,['48c7a806-5a4c-4d9a-a815-5389fb76ac8f']
/search/?q=%22Moana+2%22&type=link&source=trending&cId=48c7a806-5a4c-4d9a-a815-5389fb76ac8f&iId=94187be4-6456-444c-b5de-4c135c487b87,iId,['94187be4-6456-444c-b5de-4c135c487b87']
/r/popular/hot/?geo_filter=global,geo_filter,['global']
/r/popular/hot/?geo_filter=us,geo_filter,['us']
/r/popular/hot/?geo_filter=ar,geo_filter,['ar']
/r/popular/hot/?geo_filter=au,geo_filter,['au']
/r/popular/hot/?geo_filter=bg,geo_filter,['bg']
/r/popular/hot/?geo_filter=ca,geo_filter,['ca']
/r/popular/hot/?geo_filter=cl,geo_filter,['cl']
/r/popular/hot/?geo_filter=co,geo_filter,['co']
/r/popular/hot/?geo_filter=hr,geo_filter,['hr']
/r/popular/hot/?geo_filter=cz,geo_filter,['cz']
/r/popular/hot/?geo_filter=fi,geo_filter,['fi']
/r/popular/hot/?geo_filter=fr,geo_filter,['fr']
/r/popular/hot/?geo_filter=de,geo_filter,['de']
/r/popular/hot/?geo_filter=gr,geo_filter,['gr']
/r/popular/hot/?geo_filter=hu,geo_filter,['hu']
/r/popular/hot/?geo_filter=is,geo_filter,['is']
/r/popular/hot/?geo_filter=in,geo_filter,['in']
/r/popular/hot/?geo_filter=ie,geo_filter,['ie']
/r/popular/hot/?geo_filter=it,geo_filter,['it']
/r/popular/hot/?geo_filter=jp,geo_filter,['jp']
/r/popular/hot/?geo_filter=my,geo_filter,['my']
/r/popular/hot/?geo_filter=mx,geo_filter,['mx']
/r/popular/hot/?geo_filter=nz,geo_filter,['nz']
/r/popular/hot/?geo_filter=ph,geo_filter,['ph']
/r/popular/hot/?geo_filter=pl,geo_filter,['pl']
/r/popular/hot/?geo_filter=pt,geo_filter,['pt']
/r/popular/hot/?geo_filter=pr,geo_filter,['pr']
/r/popular/hot/?geo_filter=ro,geo_filter,['ro']
/r/popular/hot/?geo_filter=rs,geo_filter,['rs']
/r/popular/hot/?geo_filter=sg,geo_filter,['sg']
/r/popular/hot/?geo_filter=es,geo_filter,['es']
/r/popular/hot/?geo_filter=se,geo_filter,['se']
/r/popular/hot/?geo_filter=tw,geo_filter,['tw']
/r/popular/hot/?geo_filter=th,geo_filter,['th']
/r/popular/hot/?geo_filter=tr,geo_filter,['tr']
/r/popular/hot/?geo_filter=gb,geo_filter,['gb']
?feedViewType=cardView,feedViewType,['cardView']
?feedViewType=compactView,feedViewType,['compactView']
/message/compose?to=/r/indiasocial,to,['/r/indiasocial']
https://accounts.reddit.com/adsregister?utm_source=web3x_consumer&utm_name=left_nav_cta,utm_source,['web3x_consumer']
https://accounts.reddit.com/adsregister?utm_source=web3x_consumer&utm_name=left_nav_cta,utm_name,['left_nav_cta']
